Host ID,Results,Reasons
40003,Passed,Looks Good
40002,Passed,Looks Good
40001,Passed,Looks Good
40007,Passed,Looks Good
40006,Passed,Looks Good
40005,Passed,Looks Good
40004,Passed,Looks Good
40009,Passed,Looks Good
40008,Passed,Looks Good
30002,Passed,Looks Good
30001,Passed,Looks Good
30004,Passed,Looks Good
30003,Passed,Looks Good
30020,Passed,Looks Good
30009,Passed,Looks Good
30006,Passed,Looks Good
30005,Passed,Looks Good
30008,Passed,Looks Good
30007,Passed,Looks Good
20002,Passed,Looks Good
20001,Passed,Looks Good
30013,Passed,Looks Good
30012,Passed,Looks Good
30015,Passed,Looks Good
30014,Passed,Looks Good
30011,Passed,Looks Good
50002,Passed,Looks Good
30010,Passed,Looks Good
50001,Passed,Looks Good
50004,Passed,Looks Good
50003,Passed,Looks Good
10002,Passed,Looks Good
10001,Passed,Looks Good
10004,Passed,Looks Good
30017,Passed,Looks Good
10003,Passed,Looks Good
30016,Passed,Looks Good
30019,Passed,Looks Good
30018,Passed,Looks Good
